<?xml version="1.0" encoding="UTF-8"?>
<project-private xmlns="http://www.netbeans.org/ns/project-private/1">
    <editor-bookmarks xmlns="http://www.netbeans.org/ns/editor-bookmarks/2" lastBookmarkId="0"/>
    <open-files xmlns="http://www.netbeans.org/ns/projectui-open-files/2">
        <group>
            <file>file:/C:/Users/Fatec/Documents/NetBeansProjects/gdrive/src/gdrive/SubPastas.java</file>
            <file>file:/C:/Users/Fatec/Documents/NetBeansProjects/gdrive/src/gdrive/GdriveMain.java</file>
            <file>file:/C:/Users/Fatec/Documents/NetBeansProjects/gdrive/src/gdrive/Pasta.java</file>
            <file>file:/C:/Users/Fatec/Documents/NetBeansProjects/gdrive/src/gdrive/Arquivo.java</file>
            <file>file:/C:/Users/Fatec/Documents/NetBeansProjects/gdrive/src/gdrive/Gdrive.java</file>
        </group>
    </open-files>
</project-private>
